{"paymentMethods":[{"supported_reference_ids":[],"supported_gateways":[],"payment_method_type":"CARD","payment_method":"VISA","description":"Visa"},{"supported_reference_ids":[],"supported_gateways":[],"payment_method_type":"CARD","payment_method":"MASTER","description":"Mastercard"},{"supported_reference_ids":[],"supported_gateways":[{"supported_reference_ids":[],"gateway_id":514,"gateway":"YES_BIZ"}],"payment_method_type":"UPI","payment_method":"UPI","description":"UPI"}],"tpvPaymentMethods":[],"emandatePaymentMethods":[{"supported_reference_ids":[],"supported_gateways":[{"supported_reference_ids":[],"gateway_id":514,"gateway":"YES_BIZ"}],"payment_method_type":"UPI","payment_method":"COLLECT","metadata":{},"juspay_bank_code":"COLLECT","description":"UPI Collect"},{"supported_reference_ids":[],"supported_gateways":[{"supported_reference_ids":[],"gateway_id":514,"gateway":"YES_BIZ"}],"payment_method_type":"UPI","payment_method":"PAY","metadata":{},"juspay_bank_code":"PAY","description":"UPI Intent Pay"}]}